{
    "Digestive": {
        "accuracy": [
            0.8435754189944135,
            0.8314606741573034,
            0.8370786516853933,
            0.8595505617977528,
            0.8707865168539326,
            0.848314606741573,
            0.8370786516853933,
            0.8089887640449438,
            0.848314606741573,
            0.8707865168539326
        ],
        "precision": [
            0.839484694051874,
            0.8266938570251643,
            0.8369901692471855,
            0.8520599250936329,
            0.887131825388741,
            0.8394565321775874,
            0.830563211650517,
            0.8069324092735853,
            0.8403603986970761,
            0.8700715015321757
        ],
        "recall": [
            0.8435754189944135,
            0.8314606741573034,
            0.8370786516853933,
            0.8595505617977528,
            0.8707865168539326,
            0.848314606741573,
            0.8370786516853933,
            0.8089887640449438,
            0.848314606741573,
            0.8707865168539326
        ],
        "f1": [
            0.8369897612996035,
            0.8256341962817789,
            0.8356715899480488,
            0.8509425267477702,
            0.8501813778573093,
            0.8355727754100479,
            0.8274189170057327,
            0.8016623160443386,
            0.8407868195069845,
            0.8694944160153582
        ]
    },
    "HeadNeck": {
        "accuracy": [
            0.9927536231884058,
            0.9927007299270073,
            0.9854014598540146,
            0.9635036496350365,
            0.9927007299270073,
            0.9927007299270073,
            0.9781021897810219,
            0.9927007299270073,
            0.9854014598540146,
            0.9927007299270073
        ],
        "precision": [
            0.9935587761674718,
            0.9928384520038562,
            0.9859233540399682,
            0.9660289409655525,
            0.9936131386861314,
            0.9935117599351176,
            0.9784834994312744,
            0.9930849020361122,
            0.9859473454363965,
            0.9928411005053341
        ],
        "recall": [
            0.9927536231884058,
            0.9927007299270073,
            0.9854014598540146,
            0.9635036496350365,
            0.9927007299270073,
            0.9927007299270073,
            0.9781021897810219,
            0.9927007299270073,
            0.9854014598540146,
            0.9927007299270073
        ],
        "f1": [
            0.9928569583301042,
            0.9926986233555577,
            0.9853059060127826,
            0.9639427475408585,
            0.9927519528748878,
            0.9928785493405501,
            0.977936472510517,
            0.9925560597093445,
            0.9853922037952733,
            0.992492854274443
        ]
    },
    "Thoracic": {
        "accuracy": [
            0.9508196721311475,
            0.9338842975206612,
            0.9338842975206612,
            0.8925619834710744,
            0.9586776859504132,
            0.9338842975206612,
            0.9256198347107438,
            0.9256198347107438,
            0.9586776859504132,
            0.9752066115702479
        ],
        "precision": [
            0.9516068911801795,
            0.935255053832129,
            0.935255053832129,
            0.8942787559388351,
            0.9620001669588446,
            0.9325048079422007,
            0.9275730856758524,
            0.9277582934000045,
            0.9594622337173904,
            0.9764905326402653
        ],
        "recall": [
            0.9508196721311475,
            0.9338842975206612,
            0.9338842975206612,
            0.8925619834710744,
            0.9586776859504132,
            0.9338842975206612,
            0.9256198347107438,
            0.9256198347107438,
            0.9586776859504132,
            0.9752066115702479
        ],
        "f1": [
            0.9507891044994853,
            0.9338376623721456,
            0.9338376623721456,
            0.8922737690117369,
            0.9584570621111625,
            0.931838411429089,
            0.9254702872884689,
            0.9257472473248597,
            0.9587169626053513,
            0.9751615326821937
        ]
    },
    "Urogenital": {
        "accuracy": [
            0.9472049689440993,
            0.9565217391304348,
            0.9657320872274143,
            0.940809968847352,
            0.9532710280373832,
            0.9345794392523364,
            0.9283489096573209,
            0.9501557632398754,
            0.9626168224299065,
            0.940809968847352
        ],
        "precision": [
            0.9475796428016484,
            0.9614696165586825,
            0.9661181998436269,
            0.9425469948944099,
            0.9538043589805295,
            0.9353012002343143,
            0.9305199509952689,
            0.9521849974281646,
            0.9638552451841514,
            0.9483432669555607
        ],
        "recall": [
            0.9472049689440993,
            0.9565217391304348,
            0.9657320872274143,
            0.940809968847352,
            0.9532710280373832,
            0.9345794392523364,
            0.9283489096573209,
            0.9501557632398754,
            0.9626168224299065,
            0.940809968847352
        ],
        "f1": [
            0.946447566970965,
            0.9580895318654199,
            0.9653381041790065,
            0.940773101352497,
            0.9528935141619211,
            0.93261984947741,
            0.9283219859627643,
            0.9505878519846964,
            0.962594177164941,
            0.9430170045190442
        ]
    }
}