{
    "Digestive": {
        "causal_weight_reg : 1": {
            "平均准确率": 0.8534523884250833,
            "平均精确率": 0.8462920686618005,
            "平均召回率": 0.8534523884250833,
            "平均F1": 0.8392222403310102,
            "描述": "使用使用因果权重，因果正则化:1"
        },
        "causal_weight_reg : 0.8": {
            "平均准确率": 0.8556901638315235,
            "平均精确率": 0.8491718998774015,
            "平均召回率": 0.8556901638315235,
            "平均F1": 0.8446323862665809,
            "描述": "使用因果正权重，因果正则化:0.8"
        },
        "causal_weight_reg : 0.6": {
            "平均准确率": 0.8517669951666562,
            "平均精确率": 0.8507719845180605,
            "平均召回率": 0.8517669951666562,
            "平均F1": 0.8424753833877723,
            "描述": "使用因果正权重，因果正则化:0.6"
        },
        "causal_weight_reg : 0.4": {
            "平均准确率": 0.8517952419810431,
            "平均精确率": 0.8459802164739086,
            "平均召回率": 0.8517952419810431,
            "平均F1": 0.8396896403617043,
            "描述": "使用因果正权重，因果正则化:0.4"
        },
        "causal_weight_reg : 0.2": {
            "平均准确率": 0.8534398342853556,
            "平均精确率": 0.8509357163350051,
            "平均召回率": 0.8534398342853556,
            "平均F1": 0.8433779817141213,
            "描述": "使用因果正权重，因果正则化:0.2"
        },
        "baseline": {
            "平均准确率": 0.8237084928755257,
            "平均精确率": 0.819176718236793,
            "平均召回率": 0.8237084928755257,
            "平均F1": 0.8124465918503805,
            "描述": "基线：既不使用因果权重也不使用因果正则化"
        }
    },
    "HeadNeck": {
        "causal_weight_reg : 1": {
            "平均准确率": 0.9854173278324343,
            "平均精确率": 0.9862242938603292,
            "平均召回率": 0.9854173278324343,
            "平均F1": 0.9854154903038206,
            "描述": "使用使用因果权重，因果正则化:1"
        },
        "causal_weight_reg : 0.8": {
            "平均准确率": 0.9875965302020523,
            "平均精确率": 0.9882276637002911,
            "平均召回率": 0.9875965302020523,
            "平均F1": 0.9876148232141396,
            "描述": "使用因果正权重，因果正则化:0.8"
        },
        "causal_weight_reg : 0.6": {
            "平均准确率": 0.9905109489051096,
            "平均精确率": 0.9909455181768877,
            "平均召回率": 0.9905109489051096,
            "平均F1": 0.9905065742803533,
            "描述": "使用因果正权重，因果正则化:0.6"
        },
        "causal_weight_reg : 0.4": {
            "平均准确率": 0.9839627631439753,
            "平均精确率": 0.9861813836138005,
            "平均召回率": 0.9839627631439753,
            "平均F1": 0.9842826914000724,
            "描述": "使用因果正权重，因果正则化:0.4"
        },
        "causal_weight_reg : 0.2": {
            "平均准确率": 0.9905162382312493,
            "平均精确率": 0.9908806482823161,
            "平均召回率": 0.9905162382312493,
            "平均F1": 0.9904798426212548,
            "描述": "使用因果正权重，因果正则化:0.2"
        },
        "baseline": {
            "平均准确率": 0.9803078387813391,
            "平均精确率": 0.9813361256331922,
            "平均召回率": 0.9803078387813391,
            "平均F1": 0.9800016009662731,
            "描述": "基线：既不使用因果权重也不使用因果正则化"
        }
    },
    "Thoracic": {
        "causal_weight_reg : 1": {
            "平均准确率": 0.9421826310797995,
            "平均精确率": 0.9448778350438903,
            "平均召回率": 0.9421826310797995,
            "平均F1": 0.9422246500779561,
            "描述": "使用使用因果权重，因果正则化:1"
        },
        "causal_weight_reg : 0.8": {
            "平均准确率": 0.9446619699227746,
            "平均精确率": 0.9469151147306472,
            "平均召回率": 0.9446619699227746,
            "平均F1": 0.9446105830458311,
            "描述": "使用因果正权重，因果正则化:0.8"
        },
        "causal_weight_reg : 0.6": {
            "平均准确率": 0.9372239533938492,
            "平均精确率": 0.9404371679189486,
            "平均召回率": 0.9372239533938492,
            "平均F1": 0.9372979672800218,
            "描述": "使用因果正权重，因果正则化:0.6"
        },
        "causal_weight_reg : 0.4": {
            "平均准确率": 0.942196179379488,
            "平均精确率": 0.9441886559903416,
            "平均召回率": 0.942196179379488,
            "平均F1": 0.9420787209921342,
            "描述": "使用因果正权重，因果正则化:0.4"
        },
        "causal_weight_reg : 0.2": {
            "平均准确率": 0.9397100663866684,
            "平均精确率": 0.942134071667088,
            "平均召回率": 0.9397100663866684,
            "平均F1": 0.9395978190204272,
            "描述": "使用因果正权重，因果正则化:0.2"
        },
        "baseline": {
            "平均准确率": 0.9364110554125457,
            "平均精确率": 0.9388817309613342,
            "平均召回率": 0.9364110554125457,
            "平均F1": 0.9358553890558866,
            "描述": "基线：既不使用因果权重也不使用因果正则化"
        }
    },
    "Urogenital": {
        "causal_weight_reg : 1": {
            "平均准确率": 0.9476954780286759,
            "平均精确率": 0.9486624336430106,
            "平均召回率": 0.9476954780286759,
            "平均F1": 0.9472552214133773,
            "描述": "使用使用因果权重，因果正则化:1"
        },
        "causal_weight_reg : 0.8": {
            "平均准确率": 0.9436446663183762,
            "平均精确率": 0.9456148612794856,
            "平均召回率": 0.9436446663183762,
            "平均F1": 0.9436623490132787,
            "描述": "使用因果正权重，因果正则化:0.8"
        },
        "causal_weight_reg : 0.6": {
            "平均准确率": 0.9420918712873204,
            "平均精确率": 0.9448511958803489,
            "平均召回率": 0.9420918712873204,
            "平均F1": 0.942250976920497,
            "描述": "使用因果正权重，因果正则化:0.6"
        },
        "causal_weight_reg : 0.4": {
            "平均准确率": 0.9420909038137808,
            "平均精确率": 0.9442777627695451,
            "平均召回率": 0.9420909038137808,
            "平均F1": 0.9420767346965133,
            "描述": "使用因果正权重，因果正则化:0.4"
        },
        "causal_weight_reg : 0.2": {
            "平均准确率": 0.9423985603993732,
            "平均精确率": 0.9444625414251272,
            "平均召回率": 0.9423985603993732,
            "平均F1": 0.9422848601397231,
            "描述": "使用因果正权重，因果正则化:0.2"
        },
        "baseline": {
            "平均准确率": 0.9408409280006191,
            "平均精确率": 0.9426448329575076,
            "平均召回率": 0.9408409280006191,
            "平均F1": 0.9408294071653,
            "描述": "基线：既不使用因果权重也不使用因果正则化"
        }
    }
}