{
    "Digestive": {
        "causal_weight_reg : 1": {
            "平均准确率": 0.8461615717782939,
            "平均精确率": 0.8381301649424324,
            "平均召回率": 0.8461615717782939,
            "平均F1": 0.8342231029101631,
            "描述": "使用使用因果权重，因果正则化:1"
        },
        "causal_weight_reg : 0.8": {
            "平均准确率": 0.8483993471847342,
            "平均精确率": 0.8399829107629314,
            "平均召回率": 0.8483993471847342,
            "平均F1": 0.8379324460851727,
            "描述": "使用因果正权重，因果正则化:0.8"
        },
        "causal_weight_reg : 0.6": {
            "平均准确率": 0.8444824555897308,
            "平均精确率": 0.8437495325645792,
            "平均召回率": 0.8444824555897308,
            "平均F1": 0.8300690844682285,
            "描述": "使用因果正权重，因果正则化:0.6"
        },
        "causal_weight_reg : 0.4": {
            "平均准确率": 0.8416766053606176,
            "平均精确率": 0.8336037397100474,
            "平均召回率": 0.8416766053606176,
            "平均F1": 0.827966125156283,
            "描述": "使用因果正权重，因果正则化:0.4"
        },
        "causal_weight_reg : 0.2": {
            "平均准确率": 0.8422321260435629,
            "平均精确率": 0.836995605053627,
            "平均召回率": 0.8422321260435629,
            "平均F1": 0.8289227111009103,
            "描述": "使用因果正权重，因果正则化:0.2"
        },
        "baseline": {
            "平均准确率": 0.846158433243362,
            "平均精确率": 0.8473694987683327,
            "平均召回率": 0.846158433243362,
            "平均F1": 0.8363175459882966,
            "描述": "基线：既不使用因果权重也不使用因果正则化"
        }
    },
    "HeadNeck": {
        "causal_weight_reg : 1": {
            "平均准确率": 0.98978631122395,
            "平均精确率": 0.990512911563141,
            "平均召回率": 0.98978631122395,
            "平均F1": 0.9897753578001156,
            "描述": "使用使用因果权重，因果正则化:1"
        },
        "causal_weight_reg : 0.8": {
            "平均准确率": 0.992706019253147,
            "平均精确率": 0.9931126335345871,
            "平均召回率": 0.992706019253147,
            "平均F1": 0.9927199924364348,
            "描述": "使用因果正权重，因果正则化:0.8"
        },
        "causal_weight_reg : 0.6": {
            "平均准确率": 0.9875965302020523,
            "平均精确率": 0.9883340663108255,
            "平均召回率": 0.9875965302020523,
            "平均F1": 0.9877142029321041,
            "描述": "使用因果正权重，因果正则化:0.6"
        },
        "causal_weight_reg : 0.4": {
            "平均准确率": 0.9905162382312493,
            "平均精确率": 0.9910211554000888,
            "平均召回率": 0.9905162382312493,
            "平均F1": 0.9905254868754003,
            "描述": "使用因果正权重，因果正则化:0.4"
        },
        "causal_weight_reg : 0.2": {
            "平均准确率": 0.9905162382312493,
            "平均精确率": 0.9910138321074997,
            "平均召回率": 0.9905162382312493,
            "平均F1": 0.9904822429565403,
            "描述": "使用因果正权重，因果正则化:0.2"
        },
        "baseline": {
            "平均准确率": 0.9810324764624987,
            "平均精确率": 0.981654493832119,
            "平均召回率": 0.9810324764624987,
            "平均F1": 0.9807909249299446,
            "描述": "基线：既不使用因果权重也不使用因果正则化"
        }
    },
    "Thoracic": {
        "causal_weight_reg : 1": {
            "平均准确率": 0.9413561847988078,
            "平均精确率": 0.9437404609873843,
            "平均召回率": 0.9413561847988078,
            "平均F1": 0.9412852688420361,
            "描述": "使用使用因果权重，因果正则化:1"
        },
        "causal_weight_reg : 0.8": {
            "平均准确率": 0.938057173824685,
            "平均精确率": 0.9408997645512602,
            "平均召回率": 0.938057173824685,
            "平均F1": 0.9380955973741457,
            "描述": "使用因果正权重，因果正则化:0.8"
        },
        "causal_weight_reg : 0.6": {
            "平均准确率": 0.935584609131554,
            "平均精确率": 0.9383953961175846,
            "平均召回率": 0.935584609131554,
            "平均F1": 0.9356189291054269,
            "描述": "使用因果正权重，因果正则化:0.6"
        },
        "causal_weight_reg : 0.4": {
            "平均准确率": 0.9339249424197265,
            "平均精确率": 0.9367104530988648,
            "平均召回率": 0.9339249424197265,
            "平均F1": 0.9338778214396198,
            "描述": "使用因果正权重，因果正则化:0.4"
        },
        "causal_weight_reg : 0.2": {
            "平均准确率": 0.9380639479745291,
            "平均精确率": 0.9409981984971237,
            "平均召回率": 0.9380639479745291,
            "平均F1": 0.9381326447138463,
            "描述": "使用因果正权重，因果正则化:0.2"
        },
        "baseline": {
            "平均准确率": 0.928966264733776,
            "平均精确率": 0.9318518831215712,
            "平均召回率": 0.928966264733776,
            "平均F1": 0.9287618491028505,
            "描述": "基线：既不使用因果权重也不使用因果正则化"
        }
    },
    "Urogenital": {
        "causal_weight_reg : 1": {
            "平均准确率": 0.9464484046361333,
            "平均精确率": 0.9484575890886349,
            "平均召回率": 0.9464484046361333,
            "平均F1": 0.9462381150547203,
            "描述": "使用使用因果权重，因果正则化:1"
        },
        "causal_weight_reg : 0.8": {
            "平均准确率": 0.9427168591939011,
            "平均精确率": 0.9446247494915117,
            "平均召回率": 0.9427168591939011,
            "平均F1": 0.9426468123255493,
            "描述": "使用因果正权重，因果正则化:0.8"
        },
        "causal_weight_reg : 0.6": {
            "平均准确率": 0.9445792457576285,
            "平均精确率": 0.9467805804301271,
            "平均召回率": 0.9445792457576285,
            "平均F1": 0.9444629196633443,
            "描述": "使用因果正权重，因果正则化:0.6"
        },
        "causal_weight_reg : 0.4": {
            "平均准确率": 0.9442686867514174,
            "平均精确率": 0.9465717569098832,
            "平均召回率": 0.9442686867514174,
            "平均F1": 0.9442135118025972,
            "描述": "使用因果正权重，因果正则化:0.4"
        },
        "causal_weight_reg : 0.2": {
            "平均准确率": 0.9458224492560129,
            "平均精确率": 0.9479034972090272,
            "平均召回率": 0.9458224492560129,
            "平均F1": 0.9458838035914395,
            "描述": "使用因果正权重，因果正则化:0.2"
        },
        "baseline": {
            "平均准确率": 0.9364805247576479,
            "平均精确率": 0.9397851021252818,
            "平均召回率": 0.9364805247576479,
            "平均F1": 0.9369291578771722,
            "描述": "基线：既不使用因果权重也不使用因果正则化"
        }
    }
}